Basin ,odanata(nymph),chironomidae(adult),ephemeoptera,LMB,BLG,YEP,unk_fish,amphipoda,odanata(adult),mosquito ,flies,Ants,amphibian,
ref ,4,0,1,5,0,7,126,0,15,1,1,4,1,
ref_perc,0.024096386,0,0.006024096,0.030120482,0,0.042168675,0.759036145,0,0.090361446,0.006024096,0.006024096,0.024096386,0.006024096,
treat,1,1,0,16,2,3,173,1,6,1,0,0,0,
treat_perc,0.004878049,0.004878049,0,0.07804878,0.009756098,0.014634146,0.843902439,0.004878049,0.029268293,0.004878049,0,0,0,
